symbol,price,trailing_eps_ttm,base_q_eps,next_q_eps_est,next_year_eps_est,avg_payout_ratio,payout_years_used,est_dividend,est_yield_%
2536.TW,18.4,4.13,1.032,1.541,6.16,0.772,2,4.76,25.87
2451.TW,287.0,57.33,14.332,17.992,71.97,0.993,3,71.46,24.9
2392.TW,40.75,7.56,1.89,3.584,14.34,0.678,3,9.71,23.84
1810.TW,23.4,3.62,0.905,1.21,4.84,0.812,3,3.93,16.78
2323.TW,11.0,3.36,0.84,0.904,3.62,0.469,1,1.7,15.43
1608.TW,37.05,11.45,2.862,2.599,10.4,0.547,2,5.68,15.34
1456.TW,14.4,2.89,0.723,1.079,4.32,0.5,2,2.16,14.99
2605.TW,36.6,4.89,1.222,1.544,6.17,0.832,3,5.13,14.03
1808.TW,32.35,4.09,1.022,1.46,5.84,0.725,3,4.24,13.1
2548.TW,91.2,10.21,2.553,3.58,14.32,0.78,3,11.16,12.24
2855.TW,57.7,9.6,2.4,2.763,11.05,0.617,3,6.82,11.81
2362.TW,46.7,6.04,1.51,1.512,6.05,0.907,3,5.49,11.75
1612.TW,35.05,3.87,0.968,1.066,4.26,0.961,3,4.1,11.69
3028.TW,63.1,7.04,1.76,1.937,7.75,0.951,3,7.37,11.68
2031.TW,45.9,6.43,1.607,1.952,7.81,0.65,3,5.08,11.06
3033.TW,41.7,4.14,1.035,1.293,5.17,0.858,3,4.44,10.65
2535.TW,90.0,10.2,2.55,2.817,11.27,0.839,3,9.45,10.5
1419.TW,65.7,13.86,3.465,3.979,15.92,0.429,3,6.83,10.39
2707.TW,175.0,14.37,3.592,4.04,16.16,1.0,3,16.16,9.23
2501.TW,20.6,2.88,0.72,0.783,3.13,0.584,3,1.83,8.87
2611.TW,15.05,1.76,0.44,0.346,1.38,0.964,2,1.33,8.85
2906.TW,13.3,0.79,0.198,0.287,1.15,0.989,3,1.14,8.55
1339.TW,42.45,5.82,1.455,1.632,6.53,0.551,3,3.6,8.48
2496.TW,54.9,6.0,1.5,1.344,5.38,0.848,3,4.56,8.3
2010.TW,22.65,2.5,0.625,0.647,2.59,0.72,3,1.86,8.22
3048.TW,53.4,4.69,1.173,1.337,5.35,0.822,2,4.39,8.22
3006.TW,270.5,30.97,7.742,10.553,42.21,0.52,2,21.97,8.12
1416.TW,11.85,1.17,0.292,0.263,1.05,0.89,3,0.94,7.89
2436.TW,72.4,5.23,1.308,1.446,5.79,0.985,3,5.7,7.87
3025.TW,58.5,4.67,1.167,1.175,4.7,0.966,3,4.54,7.76
2109.TW,14.35,1.37,0.343,0.368,1.47,0.751,3,1.11,7.71
1341.TW,59.1,4.9,1.225,1.375,5.5,0.817,3,4.49,7.6
2527.TW,50.7,5.67,1.417,1.441,5.76,0.647,3,3.73,7.36
2414.TW,54.0,4.08,1.02,1.104,4.41,0.891,3,3.93,7.28
1477.TW,202.5,14.59,3.647,3.725,14.9,0.988,3,14.72,7.27
1817.TW,39.7,5.0,1.25,1.271,5.08,0.556,3,2.83,7.12
1617.TW,23.95,1.36,0.34,0.453,1.81,0.939,3,1.7,7.11
1730.TW,51.1,4.76,1.19,1.196,4.78,0.758,3,3.63,7.1
1307.TW,31.5,3.35,0.838,0.767,3.07,0.73,3,2.24,7.1
2908.TW,22.05,1.24,0.31,0.391,1.57,1.0,3,1.57,7.1
2103.TW,29.0,2.47,0.618,0.862,3.45,0.596,3,2.06,7.09
2610.TW,20.35,2.15,0.537,0.564,2.25,0.635,3,1.43,7.03
1731.TW,20.95,1.51,0.378,0.404,1.62,0.91,3,1.47,7.02
2727.TW,233.5,17.47,4.367,4.667,18.67,0.878,3,16.39,7.02
2204.TW,51.6,6.23,1.558,1.564,6.26,0.576,2,3.6,6.98
2832.TW,57.0,3.87,0.968,1.147,4.59,0.864,4,3.96,6.95
2471.TW,51.2,4.77,1.192,0.971,3.88,0.916,3,3.56,6.95
2458.TW,134.0,10.78,2.695,2.664,10.66,0.872,3,9.29,6.93
2731.TW,144.0,16.14,4.035,3.818,15.27,0.645,2,9.85,6.84
1904.TW,25.25,2.16,0.54,0.675,2.7,0.635,3,1.71,6.79
1537.TW,113.0,8.18,2.045,2.067,8.27,0.921,3,7.62,6.74
2420.TW,56.6,4.45,1.113,1.164,4.66,0.813,3,3.78,6.68
1451.TW,17.0,1.51,0.378,0.322,1.29,0.875,2,1.13,6.63
2032.TW,18.7,1.46,0.365,0.405,1.62,0.761,2,1.23,6.6
1713.TW,44.75,4.72,1.18,1.185,4.74,0.62,3,2.94,6.57
1457.TW,14.3,1.35,0.338,0.437,1.75,0.537,3,0.94,6.56
1615.TW,41.9,5.08,1.27,1.317,5.27,0.52,3,2.74,6.54
2114.TW,90.0,6.25,1.562,1.572,6.29,0.934,3,5.87,6.53
1733.TW,30.55,1.89,0.472,0.561,2.24,0.885,3,1.98,6.5
1605.TW,39.9,3.31,0.828,1.026,4.1,0.632,3,2.59,6.5
2504.TW,31.55,3.22,0.805,0.774,3.09,0.663,3,2.05,6.5
2027.TW,47.75,4.87,1.218,1.36,5.44,0.568,3,3.09,6.47
1776.TW,18.5,0.9,0.225,0.297,1.19,1.0,3,1.19,6.41
1707.TW,84.9,7.69,1.923,1.917,7.67,0.703,3,5.39,6.35
1712.TW,39.85,2.64,0.66,0.696,2.79,0.905,3,2.52,6.32
2101.TW,29.75,5.62,1.405,1.876,7.5,0.25,2,1.88,6.31
1521.TW,25.7,1.59,0.398,0.491,1.96,0.823,3,1.62,6.29
2546.TW,108.5,13.24,3.31,3.518,14.07,0.484,3,6.82,6.28
2820.TW,16.85,1.52,0.38,0.365,1.46,0.725,3,1.06,6.27
1319.TW,80.0,6.16,1.54,1.684,6.73,0.729,3,4.91,6.14
1535.TW,45.75,3.77,0.943,0.953,3.81,0.728,3,2.77,6.07
2636.TW,70.1,7.04,1.76,1.925,7.7,0.551,3,4.25,6.06
2006.TW,85.9,7.43,1.857,1.995,7.98,0.647,3,5.16,6.01
